{"cameraMode":{"drawMode":0,"name":"Shaded","section":"Shading Mode"},"sceneLighting":false,"audioPlay":false,"sceneViewState":{"showFog":true,"showMaterialUpdate":false,"showSkybox":false,"showFlares":true,"showImageEffects":true,"showParticleSystems":true},"in2DMode":false,"pivot":{"x":9.0110445022583,"y":-0.5712879300117493,"z":-1.2462857961654664},"rotation":{"x":-0.11507934331893921,"y":0.8735622763633728,"z":-0.22713594138622285,"w":-0.41727742552757265},"size":3.8691985607147219,"orthographic":false}