{"cameraMode":{"drawMode":0,"name":"Shaded","section":"Shading Mode"},"sceneLighting":true,"audioPlay":false,"sceneViewState":{"showFog":true,"showMaterialUpdate":false,"showSkybox":false,"showFlares":true,"showImageEffects":true,"showParticleSystems":true},"in2DMode":false,"pivot":{"x":-0.019999980926513673,"y":2.8350000381469728,"z":-2.989999771118164},"rotation":{"x":0.011711551807820797,"y":0.046210382133722308,"z":-0.0005365172983147204,"w":0.9988774061203003},"size":24.006223678588868,"orthographic":false}