{"cameraMode":{"drawMode":0,"name":"Shaded","section":"Shading Mode"},"sceneLighting":true,"audioPlay":false,"sceneViewState":{"showFog":true,"showMaterialUpdate":false,"showSkybox":false,"showFlares":true,"showImageEffects":true,"showParticleSystems":true},"in2DMode":false,"pivot":{"x":0.47683143615722659,"y":1.4667719602584839,"z":15.118795394897461},"rotation":{"x":-0.2779809236526489,"y":0.03510432317852974,"z":-0.005448927171528339,"w":-0.9609571099281311},"size":24.006223678588868,"orthographic":false}