{"cameraMode":{"drawMode":0,"name":"Shaded","section":"Shading Mode"},"sceneLighting":true,"audioPlay":false,"sceneViewState":{"showFog":true,"showMaterialUpdate":false,"showSkybox":true,"showFlares":true,"showImageEffects":true,"showParticleSystems":true},"in2DMode":false,"pivot":{"x":0.0,"y":0.8999999761581421,"z":-20.656999588012697},"rotation":{"x":0.16541026532649995,"y":-0.34864383935928347,"z":0.05594198405742645,"w":0.9219622611999512},"size":6.001554489135742,"orthographic":false}